Workbook

Sheet Resumo Geral
A1: RESUMO GERAL — médias por funcionalidade (discentes vs referência)
A2: Preenchido automaticamente a partir das médias de cada aba. A referência é 100% detecção, 0 smells, 0% redundância por construção.
A4: Funcionalidade | B4: Nº suítes | C4: Detecção média (aluno) | D4: Detecção (ref.) | E4: Smells médio (aluno) | F4: Redund. média (aluno) | G4: Redund. (ref.)
A5: Produtos | B5: 8 | C5: =Produtos!D16 -> 0 | D5: 1 | E5: =Produtos!E16 -> 5.375 | F5: =Produtos!F16 -> 0.0340875 | G5: 0
A6: Payment Methods | B6: 6 | C6: ='Payment Methods'!D14 -> 0.16666667 | D6: 1 | E6: ='Payment Methods'!E14 -> 5.8333333 | F6: ='Payment Methods'!F14 -> 0.14393333 | G6: 0
A7: Customers | B7: 6 | C7: =Customers!D14 -> 0.2 | D7: 1 | E7: =Customers!E14 -> 5.2 | F7: =Customers!F14 -> 0 | G7: 0
A8: Shipping Methods | B8: 4 | C8: ='Shipping Methods'!D12 -> 0 | D8: 1 | E8: ='Shipping Methods'!E12 -> 5 | F8: ='Shipping Methods'!F12 -> 0.063633333 | G8: 0

Sheet Produtos
A1: Coleta — Produtos
A2: Preencha as colunas amarelas ao analisar cada suíte. Detecção e Redundância em % (ex.: 0,1 = 10%). Nº Smells = tipos presentes (0 a 7). A linha REFERÊNCIA (oráculo) já vem preenchida.
A4: Semestre | B4: Aluno (1º integrante) | C4: Link | D4: Detecção | E4: Nº Smells | F4: Redundância | G4: Nº casos | H4: Observações
A5: — | B5: REFERÊNCIA (oráculo) | C5: — | D5: 1 | E5: 0 | F5: 0 | H5: suíte construída sob critério especialista
A6: 2022.2 | B6: José Itallo Martins Silva Diniz | C6: https://drive.google.com/open?id=1tHE51k-og27faaEkCNG1171rFC52XMZF | D6: 0 | E6: 7 | F6: 0 | G6: 10 | H6: Todos os 7 tipos de smell presentes (espera fixa, seletor fragil, dependencia de dado, assert fraco, hardcoded, duplicacao, force). Alta dependencia de ordem de execucao: produto codigo 12345 criado no teste 2 e reutilizado nos testes 3-10. Sem redundancia classica, mas baixa cobertura de classes invalidas (so 1 caso de busca inexistente, nenhuma validacao de campo obrigatorio vazio testada na criacao). DETECCAO: 0/2 (nao detecta D1-codigo obrigatorio nem D5-formato de codigo; suite nao tem teste relevante para nenhum dos dois).
A7: 2022.2 | B7: Henrique Lopes Nóbrega | C7: https://drive.google.com/open?id=1X1DbaLCDYOHZ7EWJBxeR1bQsmpkNZmd7 | D7: 0 | E7: 5 | F7: 0 | G7: 10 | H7: 5 de 7 smells presentes (seletor fragil, dependencia de dado, assert fraco, hardcoded, duplicacao). Sem espera fixa e sem force - melhor que a suite anterior nesses pontos. Dependencia critica de fixture: URL hardcoded por ID numerico (/admin/products/20/edit). Sem redundancia classica; testes SIM/NAO de confirmacao sao complementares, nao redundantes. DETECCAO: 0/2 (nao detecta D1-codigo obrigatorio nem D5-formato de codigo; suite nao tem teste relevante para nenhum dos dois).
A8: 2023.1 | B8: Gabriel Rodrigues Oliveira Lacerda | C8: https://drive.google.com/open?id=1JY44ixG6ISCf7Bfh4Ne-c6oVv_S54i3b | D8: 0 | E8: 5 | F8: 0 | G8: 10 | H8: 5 de 7 smells presentes. Seletores extremamente frageis e posicionais (nth-child encadeado profundo, ex: :nth-child(1) > :nth-child(7) > :nth-child(1) > form > .ui) - pior caso ate agora. Acoplamento sequencial explicito entre 2 testes (criar produto1 -> deletar produto1). Assert fraco em delecao (nao confirma sumico da lista) e em paginacao (so visibilidade). Sem redundancia classica; filtros testam aspectos distintos e complementares. DETECCAO: 0/2 (nao detecta D1-codigo obrigatorio nem D5-formato de codigo; suite nao tem teste relevante para nenhum dos dois).
A9: 2023.1 | B9: Jonatha Kennedy Monteiro da Costa | C9: https://drive.google.com/open?id=1pyrQF6TeHn02DlcjI0CP0GlocON9WCeR | D9: 0 | E9: 5 | F9: 0 | G9: 8 | H9: 5 de 7 smells presentes. Seletor mais fragil visto ate agora: form[action="/admin/products/20/variants/111"] com IDs hardcoded no proprio seletor CSS. Acoplamento sequencial entre criar e deletar produto teste. Assert de breadcrumb e o mais rigoroso da leva (compara item a item contra array esperado). Alta duplicacao de setup (5 de 8 testes repetem a mesma sequencia de navegacao). Sem redundancia por criterio consistente, mas 2 testes compartilham setup identico verificando secoes distintas da mesma tela de detalhe (variantes vs paises) - oportunidade de fusao, nao redundancia classica. DETECCAO: 0/2 (nao detecta D1-codigo obrigatorio nem D5-formato de codigo; suite nao tem teste relevante para nenhum dos dois).
A10: 2023.2 | B10: Felipe Siqueira | C10: https://drive.google.com/open?id=1v_EY0Cn_FNiFcIuRBYHr6xiMg5KBFa3v | D10: 0 | E10: 5 | F10: 0.2727 | G10: 11 | H10: 5 de 7 smells presentes. Navegacao inicial identica repetida em todos os 11 testes (candidata a beforeEach). Boa cobertura de particao nos 4 testes de operador de busca (starts/ends/contains/equal - classes distintas, nao redundantes). PORÉM os 4 testes de filtro por taxon (T-shirts/Jeans Homem/Mulher) exercitam o mesmo mecanismo exato mudando so o ID e os nomes esperados, sem logica nova - 3 deles contados como redundantes (poderiam ser 1 teste parametrizado). Assert fraco pontual no teste de limite de exibicao (so confere URL, nao confirma quantidade real exibida). DETECCAO: 0/2 (nao detecta D1-codigo obrigatorio nem D5-formato de codigo; suite nao tem teste relevante para nenhum dos dois).
A11: 2023.2 | B11: Daniel Maciel Chagas | C11: https://drive.google.com/open?id=108pg5cypn52WUJjSxk5NNjtM8xgCrmw5 | D11: 0 | E11: 5 | F11: 0 | G11: 6 | H11: 5 de 7 smells presentes. Assert mais fragil visto ate agora: cy.get("p") pega o primeiro <p> da pagina inteira, sem mirar em container semantico. Cadeia de dependencia sequencial mais grave da leva: codigo 123 e criado, editado, deletado, recriado e deletado de novo ao longo de 4 dos 6 testes - qualquer falha no meio derruba os seguintes em cascata. Fluxo de criacao copiado 3x sem funcao auxiliar. Sem redundancia classica: "criar produtos" repete passos do "criar produto" mas agrega valor novo (segundo produto); delecao individual vs em massa testam mecanismos de UI distintos. DETECCAO: 0/2 (nao detecta D1-codigo obrigatorio nem D5-formato de codigo; suite nao tem teste relevante para nenhum dos dois).
A12: 2024.1 | B12: Cristovão Pessoa Cândido Neto | C12: https://drive.google.com/open?id=1GJ2TFcdb2rWJnzJdGMCPyBHyKj84CV-M | D12: 0 | E12: 7 | F12: 0 | G12: 10 | H12: 7 de 7 smells presentes (todos os tipos) - segunda suite a ter full-house, junto com Jose Itallo. Uso pesado de .first()/.eq() assumindo sempre "o primeiro item" da listagem, risco real de selecionar produto errado silenciosamente apos teste anterior alterar ordenacao (mudar nome). 3 usos de force:true. Asserts de taxonomia/atributo/associacao usam a mesma mensagem generica "successfully updated", sem confirmar que o campo especifico foi aplicado. Sem redundancia classica: testes de taxonomia/atributo/associacao editam campos distintos, complementares. DETECCAO: 0/2 (nao detecta D1-codigo obrigatorio nem D5-formato de codigo; suite nao tem teste relevante para nenhum dos dois).
A13: 2024.2 | B13: Ailton José de Araújo Júnior | C13: https://drive.google.com/open?id=1zO8N1JOuE11iAfOzjRn4Q7l-hT2_IAtR | D13: 0 | E13: 4 | F13: 0 | G13: 7 | H13: Melhor suite de Produtos analisada: so 4 de 7 smells. Diferencial: asserts consistentemente especificos (valor exato de campo, texto exato de celula, cada linha de busca, URL de paginacao) em vez de flash message generica - unica suite sem o smell de assert fraco. Ainda tem seletor com IDs hardcoded na URL (produto 17/variante 95), dependencia de multiplas fixtures, e duplicacao (inclusive uma linha de clique repetida por engano). Sem espera fixa, sem force. Sem redundancia: 7 cenarios distintos sem sobreposicao. DETECCAO: 0/2 (nao detecta D1-codigo obrigatorio nem D5-formato de codigo; suite nao tem teste relevante para nenhum dos dois).
B15: ESTATÍSTICAS (discentes)
B16: Média | D16: =AVERAGE(D6:D13) -> 0 | E16: =AVERAGE(E6:E13) -> 5.375 | F16: =AVERAGE(F6:F13) -> 0.0340875
B17: Mediana | D17: =MEDIAN(D6:D13) -> 0 | E17: =MEDIAN(E6:E13) -> 5 | F17: =MEDIAN(F6:F13) -> 0
B18: Mínimo | D18: =MIN(D6:D13) -> 0 | E18: =MIN(E6:E13) -> 4 | F18: =MIN(F6:F13) -> 0
B19: Máximo | D19: =MAX(D6:D13) -> 0 | E19: =MAX(E6:E13) -> 7 | F19: =MAX(F6:F13) -> 0.2727
B20: Desvio-padrão | D20: =STDEV(D6:D13) -> 0 | E20: =STDEV(E6:E13) -> 1.0606602 | F20: =STDEV(F6:F13) -> 0.09641401

Sheet Payment Methods
A1: Coleta — Payment Methods
A2: Preencha as colunas amarelas ao analisar cada suíte. Detecção e Redundância em % (ex.: 0,1 = 10%). Nº Smells = tipos presentes (0 a 7). A linha REFERÊNCIA (oráculo) já vem preenchida.
A4: Semestre | B4: Aluno (1º integrante) | C4: Link | D4: Detecção | E4: Nº Smells | F4: Redundância | G4: Nº casos | H4: Observações
A5: — | B5: REFERÊNCIA (oráculo) | C5: — | D5: 1 | E5: 0 | F5: 0 | H5: suíte construída sob critério especialista
A6: 2022.2 | B6: Francicláudio Dantas da Silva | C6: https://drive.google.com/open?id=1cWpSHQj3uwkVPRVFhO3Ci3DYfQPG-MFE | D6: 1 | E6: 6 | F6: 0.0909 | G6: 11 | H6: 6 de 7 smells presentes (falta so espera fixa). Depende fortemente do metodo fixture "Cash on delivery"; suite tem um after() tentando resetar o estado, evidencia de que os proprios autores perceberam poluicao de dados entre testes. Alta duplicacao: fluxo de criacao de metodo offline repetido em 7 dos 11 testes. 2 usos de force:true (checkbox habilitar/desabilitar). Assert em geral forte (checa valores reais, nao so flash), exceto no teste de mudar posicao que so confere mensagem generica. Redundancia: 2 testes parametrizados (forEach) testam a mesma regra de formato de codigo com caracteres invalidos diferentes - contei 1 como redundante (mesma classe de equivalencia invalida, sem logica nova). DETECCAO: 2/2 (100%) - detecta D2-codigo obrigatorio E D6-codigo duplicado, unica suite com cobertura completa de ambos os defeitos Tier1+Tier2 desta funcionalidade.
A7: 2023.1 | B7: Marcos Guillermo de Sá Catão Cosson | C7: https://drive.google.com/open?id=1svcqyjE13zeFJcJejJe9PZv8Helky3vK | D7: 0 | E7: 6 | F7: 0.2727 | G7: 11 | H7: 6 de 7 smells presentes. Pior duplicacao vista ate agora: 2 testes com nome e codigo 100% identicos copiados (instrucoes US), e 3 testes ("Disable"/"Enable"/"Disable Fashion Web Store") executam o mesmo clique de checkbox sem checar estado final - funcionalmente o mesmo teste 3x. Seletor com bug sutil: mistura match exato vs prefixo para o mesmo botao em lugares diferentes. Assert fraco generalizado: nenhum teste confirma estado real do checkbox apos habilitar/desabilitar (diferente da suite anterior). Assume exatamente 2 metodos de pagamento pre-existentes. Redundancia alta: 3 de 11 testes sao efetivamente duplicatas. DETECCAO: 0/2 (nao detecta D2 nem D6; sem teste relevante para nenhum dos dois).
A8: 2023.2 | B8: João Paulo Alves Dantas | C8: https://drive.google.com/open?id=1bLnlLbdDkoX52EIXxoYKcPFeNmMMdkBa | D8: 0 | E8: 5 | F8: 0 | G8: 10 | H8: 5 de 7 smells presentes. Assert provavelmente quebrado no teste de busca: cy.get("tbody").should("have.length", 1) checa quantidade de elementos <tbody> (sempre 1 por tabela), nao quantidade de linhas retornadas pelo filtro - assert que passaria mesmo com filtro quebrado. before() com caminho placeholder nao configurado ("path to your volume..."), sugerindo que o reload de fixtures pode nao estar funcionando de fato. cy.debug() esquecido no codigo. Sem espera fixa nem force. Sem redundancia: testes de remocao (em uso vs nao usado) sao complementares. DETECCAO: 0/2 (nao detecta D2 nem D6; sem teste relevante para nenhum dos dois).
A9: 2023.2 | B9: Lorenna Victória Marinho Lucena | C9: https://drive.google.com/open?id=1-eyyu8QNkkiXGKyqduQoSfQZBgrZlo5n | D9: 0 | E9: 6 | F9: 0 | G9: 10 | H9: 6 de 7 smells presentes. Cadeia de dependencia sequencial elaborada: cria credit_card, deleta, recria o MESMO codigo num gateway diferente (Stripe) - so funciona nessa ordem exata. Maior duplicacao de fluxo de criacao vista (6 repeticoes: offline, bank transfer intl, Stripe, PayPal, cartao alemao). Pontos positivos: cada criacao testa um gateway genuinamente diferente com campos proprios (nao redundante); ultimo teste verifica presenca E ausencia de strings simultaneamente - pratica robusta rara nas suites anteriores. Assert fraco pontual em 2 testes (posicao, estado habilitado). Uso de async/await sem necessidade real (residuo de codigo, nao afeta execucao). DETECCAO: 0/2 (nao detecta D2 nem D6; sem teste relevante para nenhum dos dois).
A10: 2024.1 | B10: Carolina Martins Freitas | C10: https://drive.google.com/open?id=1EUEmv1rnTb9OwR1ZNt31Bc2P6H-GIymP | D10: 0 | E10: 6 | F10: 0.5 | G10: 10 | H10: 6 de 7 smells presentes. MAIOR REDUNDANCIA DE TODAS AS SUITES ANALISADAS (50%): repete 3 mecanismos identicos em entidades diferentes sem logica nova - mudar posicao (cash/bank/pix, 3x), deletar bloqueado por uso (cash/bank, 2x), desabilitar+editar descricao (pix/cash/bank, 3x). Bug de nomenclatura: teste 5 tem o MESMO NOME do teste 2 ("change bank transfer position") mas o codigo opera sobre "pix" - erro classico de copy-paste sem atualizar nome. Ponto positivo: testes de delecao usam seletor por conteudo da linha (tr.item + contains), mais robusto que posicional. Assert fraco generalizado (so flash message, nunca confirma estado real do campo). DETECCAO: 0/2 (nao detecta D2 nem D6; sem teste relevante para nenhum dos dois).
A11: 2024.2 | B11: Bernard Dantas Odon | C11: https://drive.google.com/open?id=1B1ZXlOxuej9Qo_apHatmA3mf4laQYSRK | D11: 0 | E11: 6 | F11: 0 | G11: 11 | H11: 6 de 7 smells presentes, mas severidade bem menor que as outras suites: apenas 1 dos 11 testes altera dados (mudar posicao), os outros 10 sao smoke-tests de UI (presenca/visibilidade de titulo, colunas, botoes) sem cadeia de dependencia sequencial entre testes - diferente de todas as suites anteriores. Usa timeouts condicionais em vez de cy.wait cego (boa pratica) e cy.contains baseado em conteudo em varios pontos (mais resiliente que posicional). Assert fraco alto: maioria so checa visibilidade/presenca, nao comportamento funcional real. Sem redundancia: testes complementares checando aspectos distintos da mesma tela. Cobertura de risco menor: garante que a tela carrega, mas testa pouco CRUD de ponta a ponta. DETECCAO: 0/2 (nao detecta D2 nem D6; sem teste relevante para nenhum dos dois).
B13: ESTATÍSTICAS (discentes)
B14: Média | D14: =AVERAGE(D6:D11) -> 0.16666667 | E14: =AVERAGE(E6:E11) -> 5.8333333 | F14: =AVERAGE(F6:F11) -> 0.14393333
B15: Mediana | D15: =MEDIAN(D6:D11) -> 0 | E15: =MEDIAN(E6:E11) -> 6 | F15: =MEDIAN(F6:F11) -> 0.04545
B16: Mínimo | D16: =MIN(D6:D11) -> 0 | E16: =MIN(E6:E11) -> 5 | F16: =MIN(F6:F11) -> 0
B17: Máximo | D17: =MAX(D6:D11) -> 1 | E17: =MAX(E6:E11) -> 6 | F17: =MAX(F6:F11) -> 0.5
B18: Desvio-padrão | D18: =STDEV(D6:D11) -> 0.40824829 | E18: =STDEV(E6:E11) -> 0.40824829 | F18: =STDEV(F6:F11) -> 0.20412118

Sheet Customers
A1: Coleta — Customers
A2: Preencha as colunas amarelas ao analisar cada suíte. Detecção e Redundância em % (ex.: 0,1 = 10%). Nº Smells = tipos presentes (0 a 7). A linha REFERÊNCIA (oráculo) já vem preenchida.
A4: Semestre | B4: Aluno (1º integrante) | C4: Link | D4: Detecção | E4: Nº Smells | F4: Redundância | G4: Nº casos | H4: Observações
A5: — | B5: REFERÊNCIA (oráculo) | C5: — | D5: 1 | E5: 0 | F5: 0 | H5: suíte construída sob critério especialista
A6: 2022.2 | B6: Davi Gomes Passos Sousa | C6: https://drive.google.com/open?id=15oPSuBR6RbViHusYSswvk1RSQGPu_D60 | D6: 0 | E6: 6 | F6: 0 | G6: 10 | H6: 6 de 7 smells presentes. Espera fixa extrema: cy.wait(500) aparece 2x em cada um dos 10 testes + no beforeEach (~21 ocorrencias) - o pior caso visto ate agora. Seletores nth-child puramente posicionais para checkboxes de desativar/verificar (#user-form > div:nth-child(2) > div). Dependencia de dado critica: teste de atualizar email muda o email para nao conter mais "@gmail", quebrando a busca usada por todos os outros testes se rodar antes deles. Assert uniforme e fraco: todos os 10 testes so checam a flash message generica, nenhum confirma o valor real do campo salvo. Duplicacao extrema do fluxo buscar+editar em todos os testes. Sem redundancia: cada teste mira um campo diferente do cliente. DETECCAO: 0/2 (nao detecta D3 nem D7; sem teste de criacao sem email nem de formato invalido).
A7: 2023.1 | B7: Yovany Marroquin da Cunha | C7: https://drive.google.com/open?id=1A28UtvxBynnmFuDE8a-wie9a37H3ADah | D7: 0.5 | E7: 4 | F7: 0 | G7: 11 | H7: 4 de 7 smells presentes - empata com a melhor suite de Produtos (Ailton). Diferencial forte: usa comandos customizados (Cypress.Commands.add) que eliminam a duplicacao de codigo presente em todas as outras suites - primeira suite sem esse smell. Dependencia de dado real: cliente "leo dantas" criado em 1 teste e reutilizado em pelo menos 3 testes posteriores (cadeia sequencial). Assert geralmente forte e especifico (nome+email+telefone juntos, texto interpolado dinamicamente, estado de checkbox), exceto 1 instancia fraca (atualizar telefone so confere flash generica). Sem espera fixa, sem force. Sem redundancia: testes de busca cobrem tipos distintos (contains vs ends_with), testes do mesmo cliente cobrem aspectos complementares. DETECCAO: 1/2 (50%) - detecta D3-email obrigatorio (assert generico de erro falhou corretamente), mas nao detecta D7-formato de email (sem teste de formato invalido).
A8: 2023.1 | B8: Maria Luisa Moraes Monteiro Dantas | C8: https://drive.google.com/open?id=1mRp21VczN5mq3mg21M6oQ9_5Im5_cEyb | H8: EXCLUIDA DO CALCULO: confirmado via planilha de submissoes originais que Yovany Marroquin da Cunha (linha 7) e Maria Luisa Moraes Monteiro Dantas sao a MESMA dupla (parceiros um do outro no formulario de entrega), nao duas duplas distintas. O formulario foi preenchido duas vezes (uma por cada integrante), gerando 2 linhas na lista original para o mesmo trabalho - commands.js e estrutura de teste identicos confirmam. Mantida a analise da linha 7 (Yovany) como representante unica desta dupla; linha 8 preservada apenas para registro/rastreabilidade, sem entrar nas medias/medianas/desvio-padrao.
A9: 2023.2 | B9: Lívia Aniely de Oliveira Almeida | C9: https://drive.google.com/open?id=1OQqLjIu9nY_RGyQOOmfMxkxiEyFp2RjK | D9: 0.5 | E9: 5 | F9: 0 | G9: 10 | H9: 5 de 7 smells presentes. Usa funcoes auxiliares locais (filterCostumer, admCreateCustomer, costumerRegisterThemself, customerLogin) eliminando duplicacao no arquivo de teste - boa pratica. BUG REAL ENCONTRADO: teste t9 busca "mcastrom@gmail.com" (m extra) mas o cliente foi registrado no teste t8 como "mcastro@gmail.com" - typo faz a busca nao encontrar o cliente correto, teste provavelmente opera sobre lista vazia/errada sem que ninguem tenha percebido. 2 usos de force:true (checkboxes de criar usuario/habilitar). Assert fraco pontual (telefone). Sem redundancia: testes de email duplicado via edicao vs criacao sao complementares (caminhos de codigo diferentes). DETECCAO: 1/2 (50%) - detecta D3-email obrigatorio (assert especifico "Please enter your email" falhou corretamente), mas nao detecta D7-formato de email (sem teste de formato invalido).
A10: 2024.1 | B10: Vinicius Furtado de Holanda | C10: https://drive.google.com/open?id=1MnaLoxd1LTPsXQbbvcM98aYJZ9N4Uzjl | D10: 0 | E10: 5 | F10: 0 | G10: 10 | H10: 5 de 7 smells presentes. Segue o MESMO esqueleto da suite do Davi (2022.2): buscar @gmail, clicar no ultimo resultado, editar 1 campo por teste, salvar, conferir flash generica - 10 testes identicos em estrutura. Diferenca: sem cy.wait() nenhum (Davi tinha ~21 ocorrencias) - unica melhoria real. Dependencia de dado: email alterado para "bobmarley@gmail.com" ainda contem "@gmail" (diferente do bug do Davi que quebrava a busca). Assert uniforme fraco em todos os 10 testes. Duplicacao extrema do bloco buscar+editar. Sem redundancia: cada teste mira campo diferente. NOTA: alta similaridade estrutural com suite do Davi (semestre diferente, 2024.1 vs 2022.2) - possivel template compartilhado entre turmas ao longo do tempo, relevante para ameacas a validade. DETECCAO: 0/2 (nao detecta D3 nem D7; sem teste relevante para nenhum dos dois).
A11: 2024.2 | B11: Suelen Samara da Silva Felix | C11: https://drive.google.com/open?id=1HrrYphgJqTrS8TklDvLYyroH2AD64MXJ | D11: 0 | E11: 6 | F11: 0 | G11: 12 | H11: 6 de 7 smells presentes. MAIOR VOLUME DE ESPERA FIXA visto ate agora (mais de 20 cy.wait() espalhados). Dependencia de dado mais elaborada de todas as suites: cadeia atravessa 3 describe blocks distintos (registro publico -> administracao -> login), suite so funciona rodando do inicio ao fim em ordem. Cliente Jobson Silva criado e reutilizado em 5 testes seguintes (buscar, credenciais, impersonar, pedidos, deletar). Ponto positivo isolado: usa genEmail() para evitar colisao de email duplicado na criacao - pratica consciente. Assert com pontos fortes (checa valor real de campo grupo, conteudo de celulas por posicao) mas ainda com varios flash-only. Sem redundancia: testes de conceder credenciais tem contextos de entrada genuinamente diferentes (self-registro vs criado por admin sem conta). DETECCAO: 0/2 (nao detecta D3 nem D7; sem teste relevante para nenhum dos dois).
B13: ESTATÍSTICAS (discentes)
B14: Média | D14: =AVERAGE(D6:D11) -> 0.2 | E14: =AVERAGE(E6:E11) -> 5.2 | F14: =AVERAGE(F6:F11) -> 0
B15: Mediana | D15: =MEDIAN(D6:D11) -> 0 | E15: =MEDIAN(E6:E11) -> 5 | F15: =MEDIAN(F6:F11) -> 0
B16: Mínimo | D16: =MIN(D6:D11) -> 0 | E16: =MIN(E6:E11) -> 4 | F16: =MIN(F6:F11) -> 0
B17: Máximo | D17: =MAX(D6:D11) -> 0.5 | E17: =MAX(E6:E11) -> 6 | F17: =MAX(F6:F11) -> 0
B18: Desvio-padrão | D18: =STDEV(D6:D11) -> 0.27386128 | E18: =STDEV(E6:E11) -> 0.83666003 | F18: =STDEV(F6:F11) -> 0

Sheet Shipping Methods
A1: Coleta — Shipping Methods
A2: Preencha as colunas amarelas ao analisar cada suíte. Detecção e Redundância em % (ex.: 0,1 = 10%). Nº Smells = tipos presentes (0 a 7). A linha REFERÊNCIA (oráculo) já vem preenchida.
A4: Semestre | B4: Aluno (1º integrante) | C4: Link | D4: Detecção | E4: Nº Smells | F4: Redundância | G4: Nº casos | H4: Observações
A5: — | B5: REFERÊNCIA (oráculo) | C5: — | D5: 1 | E5: 0 | F5: 0 | H5: suíte construída sob critério especialista
A6: 2022.2 | B6: Felipe Oliveira da Silva | C6: https://drive.google.com/open?id=195wtv1MQDYt7DZ-yZW4Fi6VGkPB0ImuG | D6: 0 | E6: 5 | F6: 0.1 | G6: 10 | H6: 5 de 7 smells presentes. ACHADO IMPORTANTE: teste 7 usa URL absoluta com porta 8080 hardcoded (cy.url().should("eq", "http://localhost:8080/...")), diferente da porta 9990 do ambiente Docker deste projeto - esse teste provavelmente falha de cara no ambiente atual, independente de qualquer defeito injetado (relevante para dias 4-5). Assume fixtures exatas (1 resultado no filtro, 2 no total, posicoes iniciais 0/2). Assert fraco nos testes CRUD (mudar valor, regra, arquivar, criar, deletar - so flash generica), mas forte nos testes de filtro/ordenacao (valores exatos de celula e contagem). Duplicacao: teste 2 repete o mesmo bloco 2x dentro de si mesmo (desabilita depois reabilita). REDUNDANCIA: teste 9 copia verbatim o corpo inteiro do teste 8 como preambulo antes de adicionar o passo de limpar filtros - 1 caso claro de redundancia (10%). DETECCAO: 0/2 (nao detecta D4-codigo obrigatorio nem D8-valor negativo; sem teste relevante para nenhum dos dois).
A7: 2023.1 | B7: Ícaro Chagas de Almeida | C7: https://drive.google.com/open?id=1yVZVvuvSA6t7A4I-TH4B3JdMf5age4cP | H7: EXCLUIDA DO CALCULO DE QUALIDADE: confirmado que o arquivo e o STARTER KIT/TEMPLATE ORIGINAL do professor, sem nenhuma implementacao real da dupla - o unico teste presente ja vinha pronto no boilerplate, apenas envolvido em it.only(). Os outros 2 blocos ("test case 2", "test case 3") continuam vazios com comentario placeholder, e o comentario final do template ("Implement the remaining test cases in a similar manner") nao foi apagado. Excluida das metricas de smells/redundancia porque os "3 de 7 smells" pertencem ao codigo do PROFESSOR, nao a uma decisao de teste da dupla - inclui-la enviesaria a media medindo o codigo errado. RECOMENDACAO: registrar separadamente no artigo como taxa de conclusao do exercicio (ex.: X de 24 duplas nao entregaram suite funcional), fora da metrica de qualidade.
A8: 2023.2 | B8: Wendell Rafael Oliveira Nascimento | C8: https://drive.google.com/open?id=1m6fuxBMmI_bfKGz7ZMmMvXD3Z3GgbYlV | D8: 0 | E8: 5 | F8: 0.0909 | G8: 11 | H8: 5 de 7 smells presentes. MULTIPLOS BUGS DE NOMENCLATURA ENCONTRADOS: teste 4 se chama "...regra de peso" mas nao adiciona regra nenhuma e seleciona taxCategory "other" (nao "clothing" como o nome sugere); teste 11 tem titulo IDENTICO ao teste 4 mas de fato implementa a regra de peso - dois testes com mesmo nome, so um cumprindo a promessa. Teste 4 e redundante com o teste 3 (mesma configuracao real: zona US, taxa other, calculo por unidade). Testes 9 e 10 NAO TEM ASSERCAO FINAL NENHUMA - executam acoes sem verificar resultado. IDs de shipping method hardcoded na URL (/2/edit, /1/archive). Teste de deletar depende condicionalmente de haver mais de 2 formularios na pagina (dependencia sequencial explicita do estado acumulado por testes anteriores). Duplicacao alta: fluxo de criacao repetido em 6 dos 11 testes. DETECCAO: 0/2 (nao detecta D4 nem D8; tem teste de codigo duplicado mas isso nao foi o defeito injetado nesta funcionalidade - Tier2 aqui foi valor negativo, nao duplicidade).
A9: 2024.1 | B9: Evaldo Alves de Brito Júnior | C9: https://drive.google.com/open?id=1_12YvTAA5BbOejHHaIKdjv5Kl-z9GYkS | D9: 0 | E9: 5 | F9: 0 | G9: 10 | H9: 5 de 7 smells presentes - uma das suites de melhor qualidade estrutural da coleta inteira, junto com a do Ailton (Produtos). Cobre ciclo de vida completo de um metodo (criar->editar/regra->arquivar->restaurar->deletar) de forma deliberada e progressiva, mais uma jornada intencional que uma falha de design, apesar de contar como dependencia de dado. 3 cenarios de erro distintos testados (codigo duplicado, valor invalido, campo obrigatorio ausente) - boa cobertura positiva+negativa. Assert fraco pontual: os 3 testes de erro usam a mesma mensagem generica "This form contains errors." sem diferenciar a regra violada. Duplicacao moderada nos fluxos de busca+edicao e criacao. Sem redundancia: testes de duplicado/invalido/ausente cobrem regras de validacao genuinamente distintas. DETECCAO: 0/2 (nao detecta D4 nem D8; testa valor INVALIDO/nao-numerico mas nao especificamente valor NEGATIVO - classe de equivalencia diferente).
B11: ESTATÍSTICAS (discentes)
B12: Média | D12: =AVERAGE(D6:D9) -> 0 | E12: =AVERAGE(E6:E9) -> 5 | F12: =AVERAGE(F6:F9) -> 0.063633333
B13: Mediana | D13: =MEDIAN(D6:D9) -> 0 | E13: =MEDIAN(E6:E9) -> 5 | F13: =MEDIAN(F6:F9) -> 0.0909
B14: Mínimo | D14: =MIN(D6:D9) -> 0 | E14: =MIN(E6:E9) -> 5 | F14: =MIN(F6:F9) -> 0
B15: Máximo | D15: =MAX(D6:D9) -> 0 | E15: =MAX(E6:E9) -> 5 | F15: =MAX(F6:F9) -> 0.1
B16: Desvio-padrão | D16: =STDEV(D6:D9) -> 0 | E16: =STDEV(E6:E9) -> 0 | F16: =STDEV(F6:F9) -> 0.0552956
